[
    {
        "model": "movies.movie",
        "pk": 1,
        "fields": {
            "rank": 1,
            "title": "글래디에이터 Ⅱ",
            "audience_acc": 442876,
            "director": "리들리 스콧",
            "genre": "액션,어드벤처,드라마",
            "poster_url": "http://file.koreafilm.or.kr/thm/02/99/18/59/tn_DPF030179.jpg",
            "plot": "로마의 영웅이자 최고의 검투사였던 ‘막시무스’가 콜로세움에서 죽음을 맞이한 뒤 20여 년이 흐른 후.쌍둥이 황제 ‘게타’와 ‘카라칼라’의 폭압 아래 시민을 위한 자유로운 나라 ‘로마의 꿈’은 잊힌 지 오래다.한편 ‘아카시우스’ 장군이 이끄는 로마군에 대패한 후 모든 것을 잃고 노예로 전락한 ‘루시우스’는 강한 권력욕을 지닌 ‘마크리누스’의 눈에 띄어 검투사로 발탁된다.로마를 향한 걷잡을 수 없는 분노, 타고난 투사의 기질로 콜로세움에 입성하게 된 ‘루시우스’는 결투를 거듭하며 자신이 진짜 누구인지 알게 되고 마침내 로마의 운명을 건 결전을 준비하게 되는데...!“나는 권력을 위해 싸우지 않는다!”역사로 기억될 새로운 반란이 시작된다!",
            "actors": "폴 메스칼, 덴젤 워싱톤, 페드로 파스칼, 코니 닐슨, 조셉 퀸",
            "open_year": "2024",
            "nation": "영국,미국",
            "rating": "청소년관람불가",
            "created_at": "2024-11-19"
        }
    },
    {
        "model": "movies.movie",
        "pk": 2,
        "fields": {
            "rank": 2,
            "title": "청설",
            "audience_acc": 523882,
            "director": "조선호",
            "genre": "멜로/로맨스,드라마",
            "poster_url": "http://file.koreafilm.or.kr/thm/02/99/18/60/tn_DPK022926.jpg",
            "plot": "손으로 설렘을 말하고가슴으로 사랑을 느끼는,청량한 설렘의 순간대학생활은 끝났지만 하고 싶은 것도, 되고 싶은 것도 없어 고민하던 ‘용준’(홍경).엄마의 등쌀에 떠밀려 억지로 도시락 배달 알바를 간 ‘용준’은 완벽한 이상형 ‘여름’(노윤서)과 마주친다.부끄러움은 뒷전, 첫눈에 반한 ‘여름’에게 ‘용준’은 서툴지만 솔직하게 다가가고 여름의 동생 ‘가을’(김민주)은 용준의 용기를 응원한다.손으로 말하는 ‘여름’과 더 가까워지기 위해 더 잘 듣기보단 더 잘 보고 느끼려 노력하지만, 마침내 가까워졌다 생각하던 찰나 ‘여름’은 왜인지 자꾸 ‘용준’과 멀어지려 하는데…",
            "actors": "홍경, 노윤서, 김민주, 정용주, 정혜영",
            "open_year": "2024",
            "nation": "대한민국",
            "rating": "전체관람가",
            "created_at": "2024-11-19"
        }
    },
    {
        "model": "movies.movie",
        "pk": 3,
        "fields": {
            "rank": 3,
            "title": "사흘",
            "audience_acc": 150421,
            "director": "현문섭",
            "genre": "공포,미스터리",
            "poster_url": "http://file.koreafilm.or.kr/thm/02/99/18/59/tn_DPK022921.jpg",
            "plot": "흉부외과의사 ‘승도’의 딸 ‘소미’가 구마의식 도중 목숨을 잃고 장례식장에서 ‘승도’는 죽은 딸의 목소리를 듣게 된다.  한편, ‘소미’가 죽기 전 구마의식을 진행했던 신부 ‘해신’은 미처 발견하지 못한 그것의 존재를 뒤늦게 알아차리는데... 남은 시간은 장례를 치르는 단 3일! 죽은 소녀의 심장에서 깨어나는 그것을 막아야만 한다!",
            "actors": "박신양, 이민기, 이레, 김남우, 태인호",
            "open_year": "2024",
            "nation": "대한민국",
            "rating": "15세이상관람가",
            "created_at": "2024-11-19"
        }
    },
    {
        "model": "movies.movie",
        "pk": 4,
        "fields": {
            "rank": 4,
            "title": "베놈: 라스트 댄스",
            "audience_acc": 1708580,
            "director": "켈리 마르셀",
            "genre": "액션,SF,스릴러",
            "poster_url": "http://file.koreafilm.or.kr/thm/02/99/18/59/tn_DPF030152.jpg",
            "plot": "죽음이 우리를 갈라놓을 때까지환상의 케미스트리의 에디 브록(톰 하디)과 그의 심비오트 베놈은 그들을 노리는 정체불명 존재의 추격을 피해 같이 도망을 다니게 된다.한편 베놈의 창조자 ‘널’은 고향 행성에서부터 그들을 찾아내기 위해 지구를 침략하고 에디와 베놈은 그동안 겪어보지 못한 최악의 위기를 맞이하게 되는데…마지막 운명을 건 대서사의 클라이맥스우리는 끝까지 함께한다!",
            "actors": "톰 하디, 치웨텔 에지오포, 주노 템플, 리스 이판, 페기 루",
            "open_year": "2024",
            "nation": "미국",
            "rating": "15세이상관람가",
            "created_at": "2024-11-19"
        }
    },
    {
        "model": "movies.movie",
        "pk": 5,
        "fields": {
            "rank": 4,
            "title": "빅토리",
            "audience_acc": 488148,
            "director": "박범수",
            "genre": "드라마",
            "poster_url": "http://file.koreafilm.or.kr/thm/02/99/18/49/tn_DPK022405.jpg",
            "plot": "스탠드 업! 텐션 업! 치얼 업!1999년 세기말, 거제의 댄스 콤비 ‘필선'(이혜리)과 '미나’(박세완)는 댄스 연습실을 마련하기 위해 서울에서 전학온 치어리더 ‘세현'(조아람)을 내세워 치어리딩 동아리를 만든다.그렇게 9명의 멤버들이 모여 얼렁뚱땅 탄생한 ‘밀레니엄 걸즈’.‘치형’(이정하)의 만년 꼴찌 거제상고 축구부를 우승으로 이끌어야만 하는데…오직 열정만큼은 충만한 생판 초짜 치어리딩 동아리‘밀레니엄 걸즈’의 모두를 향한 신나는 응원이 펼쳐진다!“자, 고개 들고! 가슴 펴고!”",
            "actors": "혜리, 박세완, 이정하, 조아람, 현봉식",
            "open_year": "2024",
            "nation": "대한민국",
            "rating": "12세이상관람가",
            "created_at": "2024-11-19"
        }
    },
    {
        "model": "movies.movie",
        "pk": 6,
        "fields": {
            "rank": 5,
            "title": "아마존 활명수",
            "audience_acc": 580921,
            "director": "김창주",
            "genre": "코메디",
            "poster_url": "http://file.koreafilm.or.kr/thm/02/99/18/58/tn_DPK022879.jpg",
            "plot": "어서 와, 아마존은 처음이지전 양궁 국가대표 메달리스트였지만 지금은 구조조정 1순위 ‘진봉’(류승룡).회사에서 준 마지막 기회를 잡기 위해 아마존으로 향한다.죽을 고비를 넘기고 도착한 아마존.그곳에서 만난 신이 내린 활 솜씨의 아마존 전사 3인방 ‘시카’, ‘이바’, ‘왈부’!살 길을 찾았다고 생각한 ‘진봉’은 한국계 볼레도르인 통역사 ‘빵식’(진선규)과 함께 활의 명수 3인방을 데리고 한국으로 향하는데...이제 ‘진봉’의 부활은 아마존 3인방에 달려있다!",
            "actors": "류승룡, 진선규, 이고르 페드로소, 루안 브룸, J.B. 올리베이라",
            "open_year": "2024",
            "nation": "대한민국",
            "rating": "12세이상관람가",
            "created_at": "2024-11-19"
        }
    },
    {
        "model": "movies.movie",
        "pk": 7,
        "fields": {
            "rank": 5,
            "title": "보통의 가족",
            "audience_acc": 637811,
            "director": "허진호",
            "genre": "드라마",
            "poster_url": "http://file.koreafilm.or.kr/thm/02/99/18/56/tn_DPK022788.jpg",
            "plot": "물질적 욕망을 우선시하며 살인자의 변호도 마다하지 않는 변호사 ‘재완’(설경구)과 원리원칙을 중요시 여기며 도덕적이고 자상한 소아과 의사 ‘재규’(장동건)성공한 프리랜서 번역가로 자녀 교육, 시부모의 간병까지 모든 것을 해내는 ‘연경’(김희애)과 자기관리에 철저한 쿨한 여성의 표본 ‘지수’(수현)서로 다른 신념을 추구하지만 흠잡을 곳 없는 평범한 가족이었던 네 사람.어느 날, 아이들의 범죄 현장이 담긴 CCTV를 보게 되면서 사건을 둘러싼 이들의 갈등은 걷잡을 수 없이 커져간다.그리고 매사 완벽해 보였던 이들은 모든 것이 무너져가는데…신념을 지킬 것인가본능을 따를 것인가그날 이후, 인생의 모든 기준이 흔들리기 시작했다",
            "actors": "설경구, 장동건, 김희애, 수현, 홍예지",
            "open_year": "2024",
            "nation": "대한민국",
            "rating": "15세이상관람가",
            "created_at": "2024-11-19"
        }
    },
    {
        "model": "movies.movie",
        "pk": 8,
        "fields": {
            "rank": 5,
            "title": "룩백",
            "audience_acc": 231307,
            "director": "오시야마 키요타카",
            "genre": "드라마",
            "poster_url": "http://file.koreafilm.or.kr/thm/02/99/18/52/tn_DPF029868.jpg",
            "plot": "4학년인 '후지노'는 학교 신문에 네컷 만화를 그리며 친구들의 극찬을 받는다.그림에 대한 자신감으로 만화가를 꿈꾸던 ‘후지노’는 학교에 나오지 않는 동급생 ‘쿄모토’와 함께 네컷 만화를 연재하며 그림을 향한 한결 같은 마음으로 눈부신 우정을 쌓아 간다.그러던 어느 날, 단 하나의 사건이 그들을 찾아 오는데...만화만이 세상이 전부였던 두 소녀의 가슴 벅찬 성장 이야기가 시작된다!",
            "actors": "카와이 유미, 요시다 미즈키",
            "open_year": "2024",
            "nation": "일본",
            "rating": "전체관람가",
            "created_at": "2024-11-19"
        }
    },
    {
        "model": "movies.movie",
        "pk": 9,
        "fields": {
            "rank": 6,
            "title": "와일드 로봇",
            "audience_acc": 670305,
            "director": "크리스 샌더스",
            "genre": "드라마",
            "poster_url": "http://file.koreafilm.or.kr/thm/02/99/18/55/tn_DPF030007.jpg",
            "plot": "뉴욕타임즈 베스트셀러   아마존 올해의 책!전 세계를 매료시킨 아동 문학 거장 피터 브라운 소설 첫 영화화!  드래곤 길들이기  제작진이 선사하는 따뜻한 감성 어드벤처“이 비행은 너에게 주는 선물이야”우연한 사고로 거대한 야생에 불시착한 로봇 '로즈'는 주변 동물들의 행동을 배우며 낯선 환경 속에 적응해 가던 중, 사고로 세상에 홀로 남겨진 아기 기러기 '브라이트빌'의 보호자가 된다. ‘로즈'는 입력되어 있지 않은 새로운 역할과 관계에 낯선 감정을 마주하고 겨울이 오기 전에 남쪽으로 떠나야 하는 '브라이트빌'을 위해 동물들의 도움을 받아 이주를 위한 생존 기술을 가르쳐준다.그러나 선천적으로 몸집이 작은 '브라이트빌'은 짧은 비행도 힘겨워 하는데...로봇 '로즈'와 아기 기러기 '브라이트빌'은 특별한 기적을 일으킬 수 있을까?",
            "actors": "루피타 뇽, 페드로 파스칼, 캐서린 오하라, 빌 나이, 키트 코너",
            "open_year": "2024",
            "nation": "미국",
            "rating": "전체관람가",
            "created_at": "2024-11-19"
        }
    },
    {
        "model": "movies.movie",
        "pk": 10,
        "fields": {
            "rank": 6,
            "title": "트랜스포머 ONE",
            "audience_acc": 349341,
            "director": "조시 쿨리",
            "genre": "액션,SF,어드벤처",
            "poster_url": "http://file.koreafilm.or.kr/thm/02/99/18/52/tn_DPF029854.jpg",
            "plot": "행성의 운명을 건 전쟁,세상을 구할 놀라운 변신이 시작된다!사이버트론 행성의 지하 광산에서 일하는 변신 못 하는 하급 로봇 오라이온 팩스와 D-16.한 번도 가보지 못한 지상 세계를 꿈꾸던 둘은 쾌활한 수다쟁이 B-127, 카리스마 넘치는 엘리타 원과 함께 출입이 금지된 지상에 도달한다.지상에서 잠들어 있던 알파 트라이온을 만난 넷은 그의 도움으로 잠재되어 있던 변신 능력을 얻게 된다.막강한 힘과 변신 능력으로 자유를 느낀 것도 잠시, 자신들의 행성을 지배하고 있는 거대한 배후의 존재를 알게 되며모든 것을 바꿀 전쟁을 시작하는데…",
            "actors": "크리스 헴스워스, 브라이언 타이리 헨리, 스칼렛 요한슨, 키건 마이클 키, 스티브 부세미",
            "open_year": "2024",
            "nation": "미국",
            "rating": "전체관람가",
            "created_at": "2024-11-19"
        }
    },
    {
        "model": "movies.movie",
        "pk": 11,
        "fields": {
            "rank": 7,
            "title": "컨택트",
            "audience_acc": 648652,
            "director": "드니 빌뇌브",
            "genre": "SF,드라마,스릴러",
            "poster_url": "http://file.koreafilm.or.kr/thm/02/00/05/12/tn_DPF017897.jpg",
            "plot": "외계에서 온 비행물체들이 거대한 위용을 자랑하며 지구에 도착하지만 왜 그들이 지구에 왔는지는 아무도 모른다. 혼란에 빠진 지구, 외계인들과의 소통을 위해 언어학자인 루이스를 포함한 특별팀이 구성되어 비행물체로 접근하게 되고 지구를 구하기 위한 그들의 사투가 시작된다.",
            "actors": "에이미 아담스, 제레미 레너, 포레스트 휘태커, 마이클 스털버그, 마크 오브라이언",
            "open_year": "2017",
            "nation": "미국",
            "rating": "12세관람가",
            "created_at": "2024-11-19"
        }
    },
    {
        "model": "movies.movie",
        "pk": 12,
        "fields": {
            "rank": 7,
            "title": "데드라인",
            "audience_acc": 24556,
            "director": "권봉근",
            "genre": "드라마",
            "poster_url": "http://file.koreafilm.or.kr/thm/02/99/18/60/tn_DPK022930.jpg",
            "plot": "2022년 9월 가장 뜨거웠던 그날의 기억모두의 가슴을 울릴 재난 휴먼 드라마!전례 없는 규모의 초특급 태풍 힌남노가 포항을 강타하고 국가 기간산업의 심장인 포항제철소는 직격탄을 맞는다.50년 가까이 한 번도 멈춘 적 없이 뜨겁게 타올랐던 제철소의 심장이 멈출 위기에 처한 절체절명의 상황.이 와중에 시사 교양 PD 오윤화는 재난의 진실을 파헤치기 위해 제철소로 잠입 취재를 나서는데…제철소의 심장 ‘고로’를 되살릴 데드라인은 불과 일주일,그들은 고로를 살려낼 수 있을까?",
            "actors": "공승연, 박지일, 정석용, 홍서준, 유승목",
            "open_year": "2024",
            "nation": "대한민국",
            "rating": "12세이상관람가",
            "created_at": "2024-11-19"
        }
    },
    {
        "model": "movies.movie",
        "pk": 13,
        "fields": {
            "rank": 7,
            "title": "롱레그스",
            "audience_acc": 29214,
            "director": "오즈 퍼킨스",
            "genre": "공포,스릴러",
            "poster_url": "http://file.koreafilm.or.kr/thm/02/99/18/58/tn_DPF030103.jpg",
            "plot": "30년간 계속된 일가족 연쇄 살인 사건.유일한 증거는 피해자의 생일이 14일이라는 것과 ‘롱레그스’라는 서명이 적힌 암호 카드뿐.영원히 미제로 남을 뻔한 사건에 남다른 능력의 FBI 요원 ‘리’가 투입되고 지금껏 아무도 알아내지 못한 암호를 해석하는데...모든 프레임에 악마의 단서가 심어져 있는 지난 10년간 가장 무서운 영화",
            "actors": "마이카 먼로, 니콜라스 케이지, 알리쉬아 위트, 블레어 언더우드",
            "open_year": "2024",
            "nation": "미국",
            "rating": "15세이상관람가",
            "created_at": "2024-11-19"
        }
    },
    {
        "model": "movies.movie",
        "pk": 14,
        "fields": {
            "rank": 7,
            "title": "더러운 돈에 손대지 마라",
            "audience_acc": 84296,
            "director": "김민수",
            "genre": "범죄,액션",
            "poster_url": "http://file.koreafilm.or.kr/thm/02/99/18/57/tn_DPK022792.jpg",
            "plot": "수사도, 뒷돈 챙기는 부업도 늘 함께하는 생계형 형사 ‘명득’과 ‘동혁’.우연히 범죄 조직의 검은돈에 대한 정보를 입수한 두 사람은 인생 역전을 위해 신고도, 추적도 불가한 돈을 훔치기로 계획한다.그러나 완벽한 계획을 세웠다고 생각했던 현장에서 잠입 수사 중이던 형사의 죽음으로 사건은 꼬여만 간다.“어차피 우리가 저지른 일, 수사하는 것도 우리야”살인 사건이 된 범죄 현장을 ‘명득’과 ‘동혁’이 직접 수사하게 되고 은폐하려고 했던 사건 현장의 증거가 두 사람을 지목하면서 그들을 점점 압박해 오는데…목숨 걸 자신 없다면 ‘더러운 돈에 손대지 마라’",
            "actors": "정우, 김대명, 박병은, 조현철, 정해균",
            "open_year": "2024",
            "nation": "대한민국",
            "rating": "15세이상관람가",
            "created_at": "2024-11-19"
        }
    },
    {
        "model": "movies.movie",
        "pk": 15,
        "fields": {
            "rank": 7,
            "title": "비긴 어게인",
            "audience_acc": 3697882,
            "director": "존 카니",
            "genre": "코메디,드라마,뮤직,멜로/로맨스",
            "poster_url": "http://file.koreafilm.or.kr/thm/02/00/02/90/tn_DPF007914.JPG",
            "plot": " 다시 시작해, 너를 빛나게 할 노래를! 싱어송라이터인 '그레타'(키이라 나이틀리)는 남자친구 '데이브'(애덤 리바인)가 메이저 음반회사와 계약을 하게 되면서 뉴욕으로 오게 된다. 그러나 행복도 잠시, 오랜 연인이자 음악적 파트너로서 함께 노래를 만들고 부르는 것이 좋았던 그레타와 달리 스타가 된 데이브의 마음은 어느새 변해버린다. 스타 음반프로듀서였지만 이제는 해고된 '댄'(마크 러팔로)은 미치기 일보직전 들른 뮤직바에서 그레타의 자작곡을 듣게 되고 아직 녹슬지 않은 촉을 살려 음반제작을 제안한다. 거리 밴드를 결성한 그들은 뉴욕의 거리를 스튜디오 삼아 진짜로 부르고 싶었던 노래를 만들어가는데…",
            "actors": "키이라 나이틀리, 마크 러팔로, 헤일리 스테인펠드, 애덤 레빈, 제임스 코든",
            "open_year": "2014",
            "nation": "미국",
            "rating": "15세관람가",
            "created_at": "2024-11-19"
        }
    },
    {
        "model": "movies.movie",
        "pk": 16,
        "fields": {
            "rank": 7,
            "title": " 극장총집편 봇치 더 록! 후편",
            "audience_acc": 20515,
            "director": "사이토 케이이치로",
            "genre": "드라마",
            "poster_url": "http://file.koreafilm.or.kr/thm/02/99/18/55/tn_DPF030006.jpg",
            "plot": "운명처럼 결성된 ‘결속밴드’ 멤버들은 첫 라이브 공연 이후 결속력을 더욱 다진다.현재는 방구석 기타리스트지만 록 스타를 꿈꾸는 봇치(외톨이), ‘고토 히토리’는 이번에는 더 많은 관객들, 심지어 학교 사람들 앞에서 공연을 하게 되는데…꿈을 향해 도전하는 소녀들의 끝나지 않은 이야기!이번에는 학교 축제 공연이다!",
            "actors": "아오야마 요시노, 스즈시로 사유미, 미즈노 사쿠, 하세가와 이쿠미",
            "open_year": "2024",
            "nation": "일본",
            "rating": "전체관람가",
            "created_at": "2024-11-19"
        }
    },
    {
        "model": "movies.movie",
        "pk": 17,
        "fields": {
            "rank": 7,
            "title": "안녕, 할부지",
            "audience_acc": 237912,
            "director": "심형준, 토마스 고",
            "genre": "자연ㆍ환경",
            "poster_url": "http://file.koreafilm.or.kr/thm/02/99/18/54/tn_DPA002035.jpg",
            "plot": "선물로 찾아온 만남, 예정된 이별푸바오의 중국 귀환 일정이 결정되고, 사랑하는 이들의 아쉬움이 커져만 간다.마침내 다가온 이별의 순간, 푸바오의 행복을 위해 애써 담담해 보였던 강바오와 송바오 역시 흔들리기 시작하는데…헤어질 때를 알기에 매 순간 진심이고 애틋했던 그들1354일, 그동안의 못다 한 이야기안녕, 그리고 안녕…",
            "actors": "강철원, 송영관, 오승희, 이세현, 푸바오",
            "open_year": "2024",
            "nation": "대한민국",
            "rating": "전체관람가",
            "created_at": "2024-11-19"
        }
    },
    {
        "model": "movies.movie",
        "pk": 18,
        "fields": {
            "rank": 8,
            "title": "대도시의 사랑법",
            "audience_acc": 872911,
            "director": "이언희",
            "genre": "멜로/로맨스,드라마",
            "poster_url": "http://file.koreafilm.or.kr/thm/02/99/18/55/tn_DPK022732.jpg",
            "plot": "시선을 싹쓸이하는 과감한 스타일과 남 눈치 보지 않는 거침없는 애티튜드로 모두의 관심을 한 몸에 받는 자유로운 영혼 재희.그런 재희가 눈길은 가지만 특별히 흥미는 없던 흥수에게 위기가 찾아온다. 누구에게도 절대 들키고 싶지 않은 비밀을 하필 재희에게 들켜버린 것! 하지만 그 과정에서 재희와 흥수는 알게 된다.서로가 이상형일 수는 없지만 오직 둘만 이해할 수 있는 모먼트가 있다는 것을.  남들이 만들어내는 무성한 소문을 뒤로 하고, 재희와 흥수는 사랑도 인생도 나답게! 의기투합 동거 라이프를 시작하는데...",
            "actors": "김고은, 노상현, 정휘, 오동민, 김채은",
            "open_year": "2024",
            "nation": "대한민국",
            "rating": "15세이상관람가",
            "created_at": "2024-11-19"
        }
    },
    {
        "model": "movies.movie",
        "pk": 19,
        "fields": {
            "rank": 8,
            "title": "날씨의 아이",
            "audience_acc": 850513,
            "director": "신카이 마코토",
            "genre": "판타지,드라마",
            "poster_url": "http://file.koreafilm.or.kr/thm/02/00/05/56/tn_DPF020530.jpg",
            "plot": "“그 빛 속으로 가보고 싶어”도쿄에 온 가출 소년 ‘호다카’는 오컬트 잡지사에 취직한다.연일 쏟아지는 빗방울과 함께 점차 삶에 지쳐가던 소년.그러던 어느 날, 소년의 눈앞에 한 소녀가 나타난다.“지금부터 맑아질 거야”그녀의 기도와 함께 거짓말처럼 비가 그치고 햇살이 떠오르기 시작하는데…그 여름날, 그 하늘 위에서 우리들은 세계의 형태를 결정적으로 바꾸어 버렸다",
            "actors": "다이고 코타로, 모리 나나, 오구리 슌, 혼다 츠바사, 키류 사쿠라",
            "open_year": "2019",
            "nation": "일본",
            "rating": "15세관람가",
            "created_at": "2024-11-19"
        }
    },
    {
        "model": "movies.movie",
        "pk": 20,
        "fields": {
            "rank": 8,
            "title": "4분 44초",
            "audience_acc": 26263,
            "director": "박종균",
            "genre": "공포,옴니버스",
            "poster_url": "http://file.koreafilm.or.kr/thm/02/99/18/60/tn_DPK022980.jpg",
            "plot": "[입주민 여러분께 협조 요청 드립니다]북촌아파트 경비실입니다.최근 우리 단지 내에서 실종사건이 일어나 경찰이 수사 중에 있습니다.주변에서 수상한 사람을 발견하거나, 이상한 소음이 들리는 경우 경비실로 연락 주시면 즉각 조치하도록 하겠습니다.여러분의 신고와 제보가 실종자를 찾는데 결정적 단서가 됩니다.※ 이웃을 배려하는 마음으로 층간소음이 발생하지 않도록 주의 바랍니다.※ 야생동물에게 먹이를 주는 행위를 삼가해 주시기 바랍니다.",
            "actors": "유지애, 함연지, 온유, 이성열, 김소원",
            "open_year": "2024",
            "nation": "대한민국",
            "rating": "12세이상관람가",
            "created_at": "2024-11-19"
        }
    },
    {
        "model": "movies.movie",
        "pk": 21,
        "fields": {
            "rank": 8,
            "title": "스마일 2",
            "audience_acc": 50163,
            "director": "파커 핀",
            "genre": "공포,미스터리",
            "poster_url": "http://file.koreafilm.or.kr/thm/02/99/18/59/tn_DPF030164.jpg",
            "plot": "“넌 죽음을 목격했어. 그게 이제 너를 따라다니는 거야”월드투어를 앞두고 자신의 눈 앞에서 기괴한 미소와 함께 끔찍한 죽음을 맞은 친구를 목격한 팝스타 ‘스카이’.그 날 이후 공연 리허설과 팬 미팅 행사 등 그녀의 삶 곳곳에서 끔찍한 일들이 잇따라 발생한다.화려한 스타의 삶을 뒤덮은 공포에서 벗어나기 위해 몸부림치던 ‘스카이’는 자신이 죽어야만 전염처럼 번지는 저주가 끝난다는 사실을 듣게 되는데…“이번엔 너도 같이 웃게 될 거야”",
            "actors": "나오미 스콧, 루카스 게이지, 카일 겔너, 로즈마리 드윗",
            "open_year": "2024",
            "nation": "미국",
            "rating": "청소년관람불가",
            "created_at": "2024-11-19"
        }
    },
    {
        "model": "movies.movie",
        "pk": 22,
        "fields": {
            "rank": 8,
            "title": "조커: 폴리 아 되",
            "audience_acc": 606336,
            "director": "토드 필립",
            "genre": "드라마,스릴러,범죄,뮤지컬",
            "poster_url": "http://file.koreafilm.or.kr/thm/02/99/18/54/tn_DPF029919.jpg",
            "plot": "영화  조커 의 두 번째 이야기를 다룬 신작.올 10월, 온 세상이 ‘조커’와 ‘할리 퀸’의 무대가 된다!",
            "actors": "호아킨 피닉스, 레이디 가가, 브렌단 글리슨, 캐서린 키너, 재지 비츠",
            "open_year": "2024",
            "nation": "미국",
            "rating": "15세이상관람가",
            "created_at": "2024-11-19"
        }
    },
    {
        "model": "movies.movie",
        "pk": 23,
        "fields": {
            "rank": 8,
            "title": "명탐정 코난: 시한장치의 마천루",
            "audience_acc": 80825,
            "director": "코다마 켄지",
            "genre": "미스터리,스릴러,범죄",
            "poster_url": "http://file.koreafilm.or.kr/thm/02/99/18/56/tn_DPF030009.jpg",
            "plot": "“5월 3일 토요일 밤 10시! 베이카 시네마 로비에서 만나는 거다! 잊지 마!”검은 조직에 의해 초등학생 코난의 몸으로 작아진 고등학생 명탐정 쿠도 신이치.천재 건축가 모리야 테이지 교수에게 가든 파티의 초대를 받았지만, 코난인 상태로는 참석할 수 없어 대리인을 부탁하려 소꿉친구 모리 란에게 목소리 변조기를 사용해 신이치로서 전화를 건다.하지만 란이 신이치의 생일 전날인 5월 3일 밤 10시, 심야 영화를 보자고 조건을 걸어 난처해지고 만다.약속 당일, 뉴스에서 화약 도난 사건을 보던 코난이자 신이치에게 수상한 협박 전화가 걸려 오고 의문의 남자가 도심 전체를 표적으로 한 연쇄 폭탄 테러를 예고한다.자신에게 도전장을 내민 연쇄 폭탄 테러임을 알아챈 신이치는 범인과의 숨 막히는 대결 중, 베이카 시티 빌딩에 있는 란이 타깃이 되어 위험에 처했음을 깨닫는데…‘명탐정 코난’, 전무후무 레전드 애니메이션의 ‘시작’!진실은 언제나 하나!",
            "actors": "타카야마 미나미, 야마구치 캇페이, 야마자키 와카나, 카미야 아키라, 오가타 켄이치",
            "open_year": "2024",
            "nation": "일본",
            "rating": "12세이상관람가",
            "created_at": "2024-11-19"
        }
    },
    {
        "model": "movies.movie",
        "pk": 24,
        "fields": {
            "rank": 8,
            "title": "에이리언: 로물루스",
            "audience_acc": 1996531,
            "director": "페데 알바레즈",
            "genre": "SF,공포",
            "poster_url": "http://file.koreafilm.or.kr/thm/02/99/18/51/tn_DPF029803.jpg",
            "plot": "영화 역사상 가장 위대한 시리즈  에이리언 리들리 스콧 제작 ·  맨 인 더 다크  페데 알바레즈 감독의 숨 막히는 서바이벌 스릴러로 돌아오다!2142년, 부모 세대가 맞닥뜨렸던 암울한 미래를 피하려는 청년들이 더 나은 삶을 찾기 위해 식민지를 떠날 계획을 세운다. 하지만 버려진 우주 기지 ‘로물루스’에 도착한 이들은 악몽과도 같은 에이리언의 무자비한 공격에 쫓기기 시작한다. 그 누구도 그들의 절규를 들을 수 없는 우주 한가운데, 생존을 위한 치열한 사투를 벌여야 하는데...폐쇄된 공간에서 펼쳐지는 압도적인 공포를 느껴라!",
            "actors": "케일리 스패니, 데이비드 존슨, 아치 르노, 이사벨라 머세드, 스파이크 펀",
            "open_year": "2024",
            "nation": "영국,미국",
            "rating": "15세이상관람가",
            "created_at": "2024-11-19"
        }
    },
    {
        "model": "movies.movie",
        "pk": 25,
        "fields": {
            "rank": 8,
            "title": "파일럿",
            "audience_acc": 4670062,
            "director": "김한결",
            "genre": "코메디",
            "poster_url": "http://file.koreafilm.or.kr/thm/02/99/18/41/tn_DPK021958.jpg",
            "plot": "하루 아침에 인생 추락한 스타 파일럿제 2의 인생 이륙 준비 중!최고의 비행 실력을 갖춘 스타 파일럿이자 뜨거운 인기로 유명 TV쇼에도 출연할 만큼 고공행진 하던 한정우(조정석)는 순간의 잘못으로 하루아침에 모든 것을 잃고 실직까지 하게 된다.블랙 리스트에 오른 그를 다시 받아줄 항공사는 어느 곳도 없었고 궁지에 몰린 한정우는 여동생의 신분으로 완벽히 변신, 마침내 재취업에 성공한다.그러나 기쁨도 잠시! 또다시 예상치 못한 난관에 부딪히게 되는데…인생 순항을 꿈꾸던 그의 삶은 무사히 이륙할 수 있을까?",
            "actors": "조정석, 이주명, 한선화, 신승호, 오민애",
            "open_year": "2024",
            "nation": "대한민국",
            "rating": "12세이상관람가",
            "created_at": "2024-11-19"
        }
    },
    {
        "model": "movies.movie",
        "pk": 26,
        "fields": {
            "rank": 9,
            "title": "아노라",
            "audience_acc": 34518,
            "director": "션 베이커",
            "genre": "드라마,코메디,멜로/로맨스",
            "poster_url": "http://file.koreafilm.or.kr/thm/02/99/18/58/tn_DPF030121.jpg",
            "plot": "우즈베키스탄계 미국인인 애니는 뉴욕에서 스트리퍼로 일하고 있다. 그러던 어느 날 그녀는 러시아 재벌 집 아들 반야를 만난다. 미국으로부터 추방되지 않으려 고심하던 반야와 애니는 사랑에 빠지고, 둘은 즉흥적으로 결혼을 해버린다. 하지만 꿈 같은 그들의 신혼생활은 이 소식을 들은 반야의 부모가 이 혼인을 무효 시키기 위해 러시아에서 뉴욕으로 날아오면서 위태해진다.  아노라 는 션 베이커 감독이 각본, 연출, 편집을 모두 맡은 2024년 미국 코미디 드라마 영화로, 마이키 매디슨이 이국적인 댄서 역할의 주연을 맡아 훌륭한 연기를 선보였다. 이 작품은 올해 칸영화제 경쟁 부문에서 2011년  트리 오브 라이프  이후 미국 영화로는 처음으로 황금종려상을 수상했다. 상영 후에는 10분간 기립박수가 이어지며, 관객들의 뜨거운 찬사를 받았다. 션 베이커 감독의 여덟 번째 장편 영화인  아노라 는 그가 왜 오늘날 가장 사랑받는 미국 독립 영화 감독 중 한 명인지 분명히 보여준다.",
            "actors": "마이키 매디슨, 마르크 에이델슈테인, 유리 보리소프, 캐런 캐러글리안, 바체 토브마시얀",
            "open_year": "2024",
            "nation": "미국",
            "rating": "청소년관람불가",
            "created_at": "2024-11-19"
        }
    },
    {
        "model": "movies.movie",
        "pk": 27,
        "fields": {
            "rank": 9,
            "title": "노트북",
            "audience_acc": 816180,
            "director": "닉 카사베츠",
            "genre": "드라마",
            "poster_url": "http://file.koreafilm.or.kr/thm/02/00/02/71/tn_DPF006874.JPG",
            "plot": "17살 내 전부를 흔들어 버린 그녀... 노아는 카니발에서 활달하고 천진난만한 앨리의 웃음을 보고 첫눈에 반한다. 두 사람은 빠른 속도로 서로에게 빠져들고 전부를 주어도 아깝지 않은 사랑을 한다. 그러나 신분 차이로 인한 집안의 반대로 두 사람은 이별을 하게 되고, 갑자기 일어난 전쟁은 더욱 확실하게 두 사람간의 연결고리를 끊어버렸다. 그렇게 7년이란 시간은 지나간다.24살이 되어서도 그녀는 여전히 나의 전부였고... 우연히 신문에서 노아의 소식을 접한 앨리는 그를 찾아 나선다. 오랜 시간이 지났어도 잊을 수 없었던 두 사람은 다시 만났지만, 서로가 처한 현실에 더 가슴 아프다. 앨리에게는 약혼자가 있었고, 잊을 수 없는 첫사랑과 현실 앞에서 그녀는 선택의 기로에 서게 된다.나의 마지막 순간까지도 그녀와 함께 하고 싶습니다. 시간이 지나고... 앨리는 큰 병을 앓으면서 점점 모든 기억을 잃어간다. 그녀가 세상의 전부였던 노아는 두 사람의 추억이 담긴 일기장을 남겨둔다. 그녀만을 지키겠다는 약속을 위해...",
            "actors": "팀 아이비, 제나 로우랜즈, 스탈레타 뒤푸아, 제임스 가너, 안토니 미쉘 Q. 토마스",
            "open_year": "2004",
            "nation": "미국",
            "rating": "15세관람가",
            "created_at": "2024-11-19"
        }
    },
    {
        "model": "movies.movie",
        "pk": 28,
        "fields": {
            "rank": 9,
            "title": "오후 네시",
            "audience_acc": 12512,
            "director": "제이 송",
            "genre": "미스터리,스릴러,드라마",
            "poster_url": "http://file.koreafilm.or.kr/thm/02/99/18/60/tn_DPK022927.jpg",
            "plot": "매일 오후 4시만 되면 찾아오는 그의 방문!타인에 대한 ‘배려’를 기본적인 예의로 생각하는 정인은 교수 퇴임 이후 아내 현숙과 함께 고즈넉한 동네에 새 보금자리를 마련하고 행복한 노후를 꿈꾼다.새집으로 이사 후, 맞은 편에 사는 의사 육남에게 인사를 하기 위해 찾아간 정인 부부는 번번이 그와 길이 엇갈려 만나지 못하고, 인사를 적은 쪽지만 남기고 돌아간다.다음 날 오후 4시. 육남이 정인의 집에 방문하고, 부부는 어색한 시간을 보낸다.정인 부부는 그의 방문을 단순히 쪽지에 대한 의무적인 화답으로만 생각하여 해프닝으로 넘긴다.하지만 이후 매일 ‘오후 4시’만 되면 육남이 정인의 집으로 찾아오고…정인이 대화를 시도해도, 육남은 “그렇소“ 혹은 “아니오”로만 대답하여 분위기는 더욱 경직된다.오후 4시 정각이면 찾아오는 ‘육남의 방문’이 정인과 현숙의 평화로운 하루를 점점 지배하고, 시간이 지날수록 정인은 그의 방문과 고압적인 태도 때문에 심리적 압박을 느끼는데….",
            "actors": "오달수, 장영남, 김홍파, 민도희",
            "open_year": "2024",
            "nation": "대한민국",
            "rating": "12세이상관람가",
            "created_at": "2024-11-19"
        }
    },
    {
        "model": "movies.movie",
        "pk": 29,
        "fields": {
            "rank": 9,
            "title": "6시간 후 너는 죽는다",
            "audience_acc": 33583,
            "director": "이윤석",
            "genre": "스릴러",
            "poster_url": "http://file.koreafilm.or.kr/thm/02/99/18/57/tn_DPK022817.jpg",
            "plot": "“지금부터 6시간 후, 당신 죽어.”서른 살 생일을 하루 앞둔 정윤에게, 길에서 만난 낯선 남자 준우가 건넨 한마디.믿고 싶지 않은 그의 말을 믿을 수밖에 없는 상황이 이어지고, 이내 둘은 범인을 찾기 위해 함께하게 된다. 하지만 사건을 파헤칠수록 준우가 최근 연쇄살인사건의 열쇠를 쥐고 있다는 사실이 드러난다.과연 정윤은 6시간 후 죽을 운명으로부터 살아남을 수 있을까?예견된 미래와 ‘운명’을 거스르기 위한 단 6시간 동안의 여정이 시작된다.",
            "actors": "재현, 박주현, 곽시양",
            "open_year": "2024",
            "nation": "대한민국",
            "rating": "15세이상관람가",
            "created_at": "2024-11-19"
        }
    },
    {
        "model": "movies.movie",
        "pk": 30,
        "fields": {
            "rank": 9,
            "title": "사랑의 하츄핑",
            "audience_acc": 1212652,
            "director": "김수훈",
            "genre": "드라마",
            "poster_url": "http://file.koreafilm.or.kr/thm/02/99/18/48/tn_DPK022363.jpg",
            "plot": "처음 본 순간, 한눈에 반해버렸어!설레는 운명이 시작된 우리의 첫 만남!인생의 소울메이트를 꼭 만나길 바라는 ‘로미’우연한 기회에 ‘하츄핑’을 처음 본 뒤, 운명의 인연임을 알아본다.'로미'는 ‘하츄핑’을 찾기 위해 반대를 무릅쓰고 새로운 길을 떠나지만, 마침내 만나게 된 ‘하츄핑’은 인간과의 소통을 거부하는데…",
            "actors": "이지현, 조경이, 최낙윤, 여민정, 홍소영",
            "open_year": "2024",
            "nation": "대한민국",
            "rating": "전체관람가",
            "created_at": "2024-11-19"
        }
    },
    {
        "model": "movies.movie",
        "pk": 31,
        "fields": {
            "rank": 9,
            "title": "극장판 엉덩이 탐정: 안녕, 나의 영원한 친구",
            "audience_acc": 35874,
            "director": "세토 켄지",
            "genre": "미스터리,가족,스릴러",
            "poster_url": "http://file.koreafilm.or.kr/thm/02/99/18/55/tn_DPF029970.jpg",
            "plot": "“맡은 의뢰는 마지막까지 완수하는 것이 바로 ‘탐정’이니까!”엉덩이 탐정 사무소로 도착한 의문의 초콜릿 상자.상자 속에는 10년 전 함께 일한 옛 파트너 ‘수선화’가 보낸 메시지가 숨겨져 있는데...바로 자신이 근무하는 메트 미술관에 발생한 거대한 사건을 해결해달라는 부탁!하지만 예전과 달라진 그녀의 모습에 엉덩이 탐정은 혼란에 빠지는데...시리즈 사상 최대 미스터리를 밝히기 위해 엉덩이 탐정이 움직이기 시작한다!10월, 엉덩이 탐정 IS BACK!",
            "actors": "김은아, 소연, 김사라, 남도형, 사성웅",
            "open_year": "2024",
            "nation": "일본",
            "rating": "전체관람가",
            "created_at": "2024-11-19"
        }
    },
    {
        "model": "movies.movie",
        "pk": 32,
        "fields": {
            "rank": 9,
            "title": "정국: 아이 엠 스틸",
            "audience_acc": 38577,
            "director": "박준수",
            "genre": "뮤직,인물",
            "poster_url": "http://file.koreafilm.or.kr/thm/02/99/18/54/tn_DPA002033.jpg",
            "plot": "‘21세기 팝 아티스트' 방탄소년단의 정국,그가 2023년 7월, 첫 솔로 싱글 ‘Seven(feat. Latto)’을 발표하며 ‘글로벌 팝스타'로 거듭났다.- ‘Seven’, 아시아 솔로 아티스트 최초 빌보드 HOT 100, Global 200, Global 200 Excl. US 1위 올킬- ‘Seven’ 스포티파이 역사상 최단기간 10억 스트리밍 달성- ‘Seven’, ‘3D (feat. Jack Harlow)’, ‘Standing Next to You’...빌보드 HOT 100 10위권에 3곡을 올린 유일한 K-팝 솔로 가수- ‘GOLDEN’ 빌보드 200서 24주 연속 진입…K-팝 솔로 앨범 최장기 차트인!Seven, 3D, Standing Next to You를 연달아 히트시키며 2020년대를 대표하는 남성 솔로 가수로 자리매김한 정국.‘K-팝 솔로 최초’, ‘유일무이’ 등 각종 수식어가 따라오는 정국이지만 아미(ARMY)에게 부끄럽지 않은 자랑스러운 아티스트가 되기 위해 끊임없이 노력하고 성장한다.“저는 제 나침반 보고 갑니다”타고난 재능, 그 속의 빛나는 노력으로 자신만의 길을 나아가는 아티스트 정국.그의 첫 솔로 싱글부터 GOLDEN 앨범 활동기까지 뉴욕, 런던, 서울 등 세계 각지를 누비며 진행된 약 8개월간의 ‘황금빛 순간’.그간 보지 못했던 미공개 인터뷰와 비하인드, 그리고 전 세계 224개 국가/지역의 팬들과 온오프라인에서 함께했던 ‘Jung Kook ‘GOLDEN’ Live On Stage’ 그날의 현장으로!여전히 하고 싶은 것도, 보여줄 것도 많은 정국의 이야기",
            "actors": "정국",
            "open_year": "2024",
            "nation": "대한민국",
            "rating": "전체관람가",
            "created_at": "2024-11-19"
        }
    },
    {
        "model": "movies.movie",
        "pk": 33,
        "fields": {
            "rank": 9,
            "title": "오지: 사라진 숲을 찾아서",
            "audience_acc": 46784,
            "director": "팀 하퍼",
            "genre": "어드벤처",
            "poster_url": "http://file.koreafilm.or.kr/thm/02/99/18/56/tn_DPF030018.jpg",
            "plot": "안녕, 팔로워들?세계 최초! 인플루언서 오랑우탄의 등장!부모와 함께 살던 고향 숲이 파괴되고 인간 ‘키라니‘의 손에 길러진 오랑우탄 ‘오지‘‘키라니’로부터 수화를 배우고, 미디어로 대중과 소통하며 전세계 최초, 인플루언서 오랑우탄이 된다.그런 ‘오지‘를 탐내는 개발 전문 기업 ‘그린자‘는 그녀의 환심을 사기 위해 태블릿을 보내오고, ‘오지‘는 태블릿 안에서 어릴 적 헤어진 부모님의 사진을 발견한다.그들을 찾기 위해 원숭이 ‘찬스‘와 함께 모험을 떠나게 된 ‘오지‘긴 여행 속에서 ‘오지‘는 생태계를 파괴하는 ‘그린자‘의 횡포를 목격하고, 그들을 막기 위한 작전을 시작하는데…천재 오랑우탄 ‘오지‘!전 세계 팔로워들과 힘을 합쳐 자연을 구하라!환경을 지키기 위한 초대형 라이브 방송이 시작된다!",
            "actors": "아만들라 스텐버그, 딘-찰스 채프먼, 우르질라 칼슨, 로라 던, 지몽 운스",
            "open_year": "2024",
            "nation": "영국,프랑스,미국",
            "rating": "전체관람가",
            "created_at": "2024-11-19"
        }
    },
    {
        "model": "movies.movie",
        "pk": 34,
        "fields": {
            "rank": 9,
            "title": "소년시절의 너",
            "audience_acc": 246755,
            "director": "증국상",
            "genre": "범죄,드라마,가족,멜로/로맨스",
            "poster_url": "http://file.koreafilm.or.kr/thm/02/00/05/59/tn_DPF020714.jpg",
            "plot": "“넌 세상을 지켜, 난 너를 지킬게”시험만 잘 치면 멋진 인생을 살 수 있다고 가르치는 세상에서 기댈 곳 없이 세상에 내몰린 우등생 소녀 ‘첸니엔’과 양아치 소년 ‘베이’.비슷한 상처와 외로움에 끌려 서로에게 의지하게 된 두 사람은 수능을 하루 앞둔 어느 날, ‘첸니엔’의 삶을 뒤바꿔버릴 거대한 사건에 휘말리게 된다.‘첸니엔’만은 평범하고 행복하게 살길 바라는 ‘베이’는 그녀의 그림자가 되어 모든 것을 해결하기로 마음 먹는데…“고마워. 내 세상의 전부, 소년시절의 너.”",
            "actors": "주동우, 이양천새, 팡 인, 황각, 오월",
            "open_year": "2020",
            "nation": "중국",
            "rating": "15세관람가",
            "created_at": "2024-11-19"
        }
    },
    {
        "model": "movies.movie",
        "pk": 35,
        "fields": {
            "rank": 10,
            "title": "레드 원",
            "audience_acc": 57061,
            "director": "제이크 카즈댄",
            "genre": "액션,코메디,어드벤처",
            "poster_url": "http://file.koreafilm.or.kr/thm/02/99/18/58/tn_DPF030125.jpg",
            "plot": "크리스마스 D-1, 철통같은 보안을 뚫고 코드명 '레드 원' 산타클로스가 납치되고 크리스마스가 사라질 위기에 처했다!'레드 원'을 찾기 위해 사령관 '칼럼 드리프트'(드웨인 존슨)는 산타클로스 따위는 없다고 믿는 현상금 사냥꾼 '잭 오말리'(크리스 에반스)와 협력하기로 한다.시작부터 삐그덕 거리는 이들 앞에 크리스마스의 존재를 위협하는 위험천만한 적들이 나타나는데…크리스마스를 구하기 위한 액션 히어로들의 대환장 사투가 시작된다!",
            "actors": "드웨인 존슨, 크리스 에반스, 루시 리우, J.K. 시몬스, 크리스토퍼 히뷰",
            "open_year": "2024",
            "nation": "미국",
            "rating": "12세이상관람가",
            "created_at": "2024-11-19"
        }
    },
    {
        "model": "movies.movie",
        "pk": 36,
        "fields": {
            "rank": 10,
            "title": "베테랑2",
            "audience_acc": 7519865,
            "director": "류승완",
            "genre": "액션,범죄",
            "poster_url": "http://file.koreafilm.or.kr/thm/02/99/18/54/tn_DPK022660.jpg",
            "plot": "가족들도 못 챙기고 밤낮 없이 범죄들과 싸우는 베테랑 형사 '서도철'(황정민)과 강력범죄수사대 형사들.어느 날, 한 교수의 죽음이 이전에 발생했던 살인 사건들과 연관성이 있는 것으로 밝혀지며 전국은 연쇄살인범으로 인해 떠들썩해진다. 이에 단서를 추적하며 수사를 시작한 형사들. 하지만 이들을 비웃기라도 하듯, 연쇄살인범은 다음 살인 대상을 지목하는 예고편을 인터넷에 공개하며 또 한 번 전 국민을 흔들어 놓는다.강력범죄수사대는 서도철의 눈에 든 정의감 넘치는 막내 형사 '박선우' (정해인)를 투입한다. 그리고 사건은 새로운 방향으로 흐르게 되는데...",
            "actors": "황정민, 정해인, 장윤주, 정만식, 신승환",
            "open_year": "2024",
            "nation": "대한민국",
            "rating": "15세이상관람가",
            "created_at": "2024-11-19"
        }
    },
    {
        "model": "movies.movie",
        "pk": 37,
        "fields": {
            "rank": 10,
            "title": "임영웅│아임 히어로 더 스타디움",
            "audience_acc": 346289,
            "director": "정현철, 조우영",
            "genre": "뮤직,인물",
            "poster_url": "http://file.koreafilm.or.kr/thm/02/99/18/51/tn_DPA002017.jpg",
            "plot": "10만 영웅시대와 함께 상암벌을 정복한 임영웅의 스타디움 입성기!“영웅시대가 저와 별의 이야기를 함께 써 내려가고 있다고 생각해요”2024년 5월, 서울월드컵경기장에서 양일 10만 명의 관객을 동원하며 콘서트 안팎으로 폭발적인 화제를 일으켰던 임영웅의 콘서트를 극장에서 다시 만난다.무대 위 압도적인 가창력과 다채로운 퍼포먼스,새로운 도전을 마다 않는 무대 뒤의 열정적인 모습과 영웅시대를 향한 진솔한 마음,그리고 최고의 공연을 위해 임영웅과 제작진 모두가 합심해 달려온 1년여의 기록까지,초대형 IMAX와 ScreenX로 풍성하게 담았다!영웅시대와 함께 더 큰 꿈을 꾸는 가수 임영웅의 하늘빛 축제가 스크린에서 펼쳐진다!",
            "actors": "임영웅",
            "open_year": "2024",
            "nation": "대한민국",
            "rating": "전체관람가",
            "created_at": "2024-11-19"
        }
    },
    {
        "model": "movies.movie",
        "pk": 38,
        "fields": {
            "rank": 10,
            "title": "너의 색",
            "audience_acc": 18983,
            "director": "야마다 나오코",
            "genre": "드라마,판타지",
            "poster_url": "http://file.koreafilm.or.kr/thm/02/99/18/56/tn_DPF030013.jpg",
            "plot": "음악으로 이어진 세 사람을 비춘 가장 찬란한 청춘의 색!사람을 색으로 느끼는 엉뚱한 여고생 ‘토츠코’‘토츠코’는 어느 날 학교에서 한번도 느껴보지 못한 찬란하고 아름다운 색을 가진 소녀 ‘키미’를 만난다.그리고 우연히 작은 책방에서 조우한 음악을 좋아하는 소년 ‘루이’까지 합세하여 오랫동안 꿈꾸던 밴드를 결성하게 되고 서로에게 서서히 스며들기 시작하는데..!올가을, 무지갯빛 청춘을 위한 노래가 시작된다!",
            "actors": "스즈카와 사유, 타카이시 아카리, 키도 타이세이, 아라가키 유이, 야스코",
            "open_year": "2024",
            "nation": "일본",
            "rating": "전체관람가",
            "created_at": "2024-11-19"
        }
    },
    {
        "model": "movies.movie",
        "pk": 39,
        "fields": {
            "rank": 10,
            "title": "브레드이발소: 빵스타의 탄생",
            "audience_acc": 236739,
            "director": "정지환",
            "genre": "드라마",
            "poster_url": "http://file.koreafilm.or.kr/thm/02/99/18/54/tn_DPK022665.jpg",
            "plot": "대한민국 NO.1 애니메이션 ‘브레드이발소’ 두 번째 극장판! 천재 이발사 ‘브레드’와 사고뭉치 조수 ‘윌크’, 시크한 캐셔 ‘초코’와 귀염둥이 ‘소시지’가 함께 하는 ‘브레드이발소’! 이번엔 최고의 빵! 스타로 돌아왔다?! 월드스타 ‘탄빵보이즈’, 최고의 슈퍼모델 3인방, 액션배우 ‘앙버터’와 ‘마가린’, 먹방 크리에이터 ‘아이스크림’까지! 더 재밌어지고, 더 풍성해진 이야기가 시작된다! 초특급 빵스타 총출동! 극장을 빵! 터트리러 간다!",
            "actors": "엄상현, 박윤희, 강시현, 홍범기, 김현욱",
            "open_year": "2024",
            "nation": "대한민국",
            "rating": "전체관람가",
            "created_at": "2024-11-19"
        }
    },
    {
        "model": "movies.movie",
        "pk": 40,
        "fields": {
            "rank": 10,
            "title": "더 커버넌트",
            "audience_acc": 15261,
            "director": "가이 리치",
            "genre": "액션,전쟁,스릴러",
            "poster_url": "http://file.koreafilm.or.kr/thm/02/99/18/57/tn_DPF030069.jpg",
            "plot": "끝이 보이지 않았던 전쟁의 한가운데 미 육군 소속 상사 ‘존 킨리’(제이크 질렌할)는 습격을 당한다.목숨을 잃을 절체절명의 순간, 그는 현지 통역사 ‘아메드’(다 살림)의 도움으로 생환에 성공하고 ‘아메드’와 그의 가족들이 미국에서 살 수 있도록 최선을 다 하겠다고 약속한다.생환 이후의 어느 날, ‘존 킨리’는 자신을 도와주었던 ‘아메드’가 미국에 오지 못했으며 적들에게 억류되어 있다는 사실을 알게 된다.",
            "actors": "제이크 질렌할, 다르 살림, 숀 세이거, 제이슨 웡, 리스 예이츠",
            "open_year": "2024",
            "nation": "영국,스페인,미국",
            "rating": "15세관람가",
            "created_at": "2024-11-19"
        }
    },
    {
        "model": "movies.movie",
        "pk": 41,
        "fields": {
          "rank": 23,
          "title": "백산 - 의령에서 발해까지",
          "audience_acc": 0,
          "director": "진재운",
          "genre": "역사,인물",
          "poster_url": "http://file.koreafilm.or.kr/thm/02/99/18/65/tn_DPA002084.jpg",
          "plot": "국내 최고 기업자이자 상해임시정부 독립자금의 6할을 담당했던 인물이 있다. 일제 탄압에도 그는 만주의 척박한 땅을 일궈 거대한 발해농장을 만든다. 수탈당하던 조선의 농민들에게 발해농장은 안전하게 농사를 지을 수 있는 나라가 된다. 그는 일제의 고문으로 숨진 ‘백산 안희제’다. 초등학교 졸업 때 ‘백산 상’을 받았던 감독은 40년이 지나 백산에게 질문을 한다. “왜 그런 길을 갔느냐?” 그리고 백산이 되묻고 있다.  뒷산에 과실나무는 심었느냐? ",
          "actors": "이재찬",
          "open_year": "2024",
          "nation": "대한민국",
          "rating": "전체관람가",
          "created_at": "2024-11-19"
        }
      },
      {
        "model": "movies.movie",
        "pk": 42,
        "fields": {
          "rank": 25,
          "title": "도난(圖難)",
          "audience_acc": 0,
          "director": "조쉬 사프디",
          "genre": "드라마",
          "poster_url": "http://file.koreafilm.or.kr/thm/02/99/17/07/tn_DPF021236.jpg",
          "plot": "절도광인 엘레노어는 뉴욕시의 낯선 사람들을 찾아다니며 그들의 물건들을 훔친다. 하지만 무엇을 가져가도 만족하지 못한다.* 조쉬 사프디 감독의 장편 데뷔작. 이 작품을 감독이 “직감적인 스케치(sketches from the gut)”라고 표현했으며 재즈의 임프로바이즈(연주를 즉흥적으로 하는 것) 방식을 따라 자세한 시나리오 없이 촬영됨. 핸드백 브랜드 홍보단편 제작 의뢰를 받아 결과적으로 만든 이 작품은 일상생활을 하면서 경험하게 되는 작은 순간들의 소중함을 고스란히 담은 것이 특히 매력적임. 2008년 칸영화제 디렉터스 포트나이트 섹션 초청작.",
          "actors": "엘레노어 헨드릭스, 조쉬 사프디, 조단 잘데즈",
          "open_year": "2024",
          "nation": "미국",
          "rating": "",
          "created_at": "2024-11-19"
        }
      },
      {
        "model": "movies.movie",
        "pk": 43,
        "fields": {
          "rank": 27,
          "title": "모아나 2",
          "audience_acc": 0,
          "director": "데이비드 G. 데릭 주니어",
          "genre": "어드벤처",
          "poster_url": "http://file.koreafilm.or.kr/thm/02/99/18/64/tn_DPF030282.jpg",
          "plot": "선조들로부터 예기치 못한 부름을 받은 ‘모아나’가 부족의 파괴를 막기 위해 전설 속 영웅 ‘마우이’와 새로운 선원들과 함께 숨겨진 고대 섬의 저주를 깨러 떠나는 위험천만한 모험을 담은 스펙터클 오션 어드벤처",
          "actors": "아우이 크라발호, 드웨인 존슨",
          "open_year": "2024",
          "nation": "미국,캐나다",
          "rating": "전체관람가",
          "created_at": "2024-11-19"
        }
      },
      {
        "model": "movies.movie",
        "pk": 44,
        "fields": {
          "rank": 28,
          "title": "아메바 소녀들과 학교괴담: 개교기념일",
          "audience_acc": 0,
          "director": "김민하",
          "genre": "코메디,공포",
          "poster_url": "http://file.koreafilm.or.kr/thm/02/99/18/63/tn_DPK023012.jpg",
          "plot": "수능을 앞 둔 마지막 모의고사에서 평균 8등급을 맞은 고3 소녀들은 절망에 빠진다. 그때 방송반에서 오래 전 선배들이 찍어둔 '귀신 숨바꼭질 테이프'를 발견한 소녀들은 다가오는 개교기념일에 귀신 숨바꼭질에서 이기면 수능 만점을 받는다는 괴담을 알게 된다. 고3 소녀들은 2학년 종교 동아리 민주를 용병으로 영입해 함께 귀신 술래잡기에 참여하기로 한다.",
          "actors": "김도연, 손주연, 정하담, 강신희",
          "open_year": "2024",
          "nation": "대한민국",
          "rating": "15세이상관람가",
          "created_at": "2024-11-19"
        }
      },
      {
        "model": "movies.movie",
        "pk": 45,
        "fields": {
          "rank": 31,
          "title": "뉴클래식 프로젝트 미안하다, 사랑한다",
          "audience_acc": 0,
          "director": "이형민",
          "genre": "드라마,멜로/로맨스",
          "poster_url": "http://file.koreafilm.or.kr/thm/02/99/18/66/tn_DPK023096.jpg",
          "plot": "어린 시절 호주에 입양된 후 거리의 아이로 자란 주인공이 한 여자를 만나 죽음도 두렵지 않은 지독한 사랑에 빠지면서 벌어지는 이야기를 그린 극영화",
          "actors": "소지섭, 임수정",
          "open_year": "2024",
          "nation": "대한민국",
          "rating": "15세이상관람가",
          "created_at": "2024-11-19"
        }
      },
      {
        "model": "movies.movie",
        "pk": 46,
        "fields": {
          "rank": 35,
          "title": "이처럼 사소한 것들",
          "audience_acc": 0,
          "director": "팀 미엘란츠",
          "genre": "드라마",
          "poster_url": "http://file.koreafilm.or.kr/thm/02/99/18/66/tn_DPF030353.jpg",
          "plot": " “도움의 손길이 없었다면, 나는 어디에 있었을까?  1985년 아일랜드의 소도시, 빌 펄롱은 석탄을 팔며 아내, 다섯 딸과 함께 소박하게 살아가고 있다. 크리스마스를 앞둔 어느 날, 빌 펄롱은 지역 수녀원에 석탄을 배달하러 가고 숨겨져 있던 어떤 진실을 마주하게 된다.클레어 키건의 동명 소설을 원작으로 하는 작은 기적 같은 영화. ",
          "actors": "킬리언 머피, 아이린 월시, 미셸 페어리, 클레어 던, 에밀리 왓슨",
          "open_year": "2024",
          "nation": "미국,아일랜드,벨기에",
          "rating": "",
          "created_at": "2024-11-19"
        }
      },
      {
        "model": "movies.movie",
        "pk": 47,
        "fields": {
          "rank": 36,
          "title": "나의 히어로 아카데미아 더 무비: 유어 넥스트",
          "audience_acc": 0,
          "director": "오카무라 텐사이",
          "genre": "액션,어드벤처",
          "poster_url": "http://file.koreafilm.or.kr/thm/02/99/18/64/tn_DPF030263.jpg",
          "plot": "“다음은 너다”초자연능력 ‘개성’을 가진 인간이 당연해진 세계에서 옛 ‘평화의 상징’ NO.1 히어로 ‘올마이트’가 악의 제왕 ‘올 포 원’과의 사투 직후 한 말.‘올마이트’의 의지는 데쿠와 유에이 고등학교 히어로과로 이어져 왔다.유에이 2년 차 봄, 히어로 VS 빌런의 전면전이 발발하고 황폐해진 사회에 수수께끼의 남자가 나타난다.스스로를 ‘올마이트를 대신하는 새로운 상징’이라고 말하는 ‘다크마이트’는 자신의 야망을 위해 ‘개성’으로 거대한 요새를 만들어 마을과 사람들을 차례로 삼켜간다!‘다크마이트’의 등장과 동시에 특별한 ‘개성’을 지닌 ‘안나’라는 소녀, 그리고 그녀를 ‘아가씨’라고 부르는 ‘줄리오’라는 남자가 나타나는데…데쿠와 바쿠고, 토도로키,그리고 유에이 고교 1학년 A반은 ‘다크마이트’에 맞서 세계를 지킬 수 있을까?“다음은 우리다!”",
          "actors": "야마시타 다이키, 오카모토 노부히코, 카지 유우키, 미야노 마모루, 누쿠미 메루",
          "open_year": "2024",
          "nation": "일본",
          "rating": "12세이상관람가",
          "created_at": "2024-11-19"
        }
      },
      {
        "model": "movies.movie",
        "pk": 48,
        "fields": {
          "rank": 37,
          "title": "니코: 오로라 원정대의 모험",
          "audience_acc": 0,
          "director": "캐리 주스넌, 요르겐 러담",
          "genre": "어드벤처,판타지",
          "poster_url": "http://file.koreafilm.or.kr/thm/02/99/18/66/tn_DPF030360.jpg",
          "plot": "크리스마스 이브에 산타클로스의 썰매가 사라졌다고?!산타 비행단이 되어 전 세계에 크리스마스를 선물하는 꿈을 키워나가는 사고뭉치 꼬마 사슴 ‘니코’.비행 스킬 만렙의 사슴 ‘스텔라’가 나타나 치열한 경쟁 속에서도 서서히 친구가 되어가던 어느 날, 돌연 ‘스텔라’와 산타의 썰매가 자취를 감춰버리는 사건이 발생한다!크리스마스가 사라져버릴지도 모르는 절체절명의 위기 속에서 ‘니코’는 썰매를 되찾기 위해 날다람쥐 ‘줄리어스’, 흰 족제비 ‘윌마’와 함께 꽁꽁 얼어붙은 북쪽 땅으로 향하는데…과연, ‘니코’와 친구들은 신비한 오로라 속 비밀을 밝혀내고 무사히 크리스마스를 지켜낼 수 있을까?",
          "actors": "",
          "open_year": "",
          "nation": "핀란드,독일,아일랜드,덴마크",
          "rating": "",
          "created_at": "2024-11-19"
        }
      },
      {
        "model": "movies.movie",
        "pk": 49,
        "fields": {
          "rank": 39,
          "title": "더 크로우",
          "audience_acc": 0,
          "director": "루퍼트 샌더스",
          "genre": "액션,범죄,판타지,멜로/로맨스",
          "poster_url": "http://file.koreafilm.or.kr/thm/02/99/18/64/tn_DPF030299.jpg",
          "plot": "가장 완벽했던 사랑의 끝, 가장 처절한 복수의 시작!죽음마저 두려워할 피의 부활이 펼쳐진다!인생에서 가장 어둡고 외로웠던 순간, 자신과 비슷한 영혼을 가진 '셸리'를 만나 영원한 사랑을 약속한 '에릭'.완벽한 행복을 만끽하던 그때, 두 사람은 의문의 괴한들에게 무참히 살해 당하고 '셸리'는 과거의 끔찍한 실수로 지옥에 끌려가게 된다.지옥에서 '셸리'를 되찾기 위해 '에릭'은 까마귀의 저주를 받아 불사의 몸이 되고 죽여도 죽지 않는 복수의 화신으로 부활하게 되는데…",
          "actors": "빌 스카스가드, FKA 트위그스, 대니 휴스턴, 로라 비른, 조던 볼거",
          "open_year": "",
          "nation": "영국,프랑스,미국",
          "rating": "15세이상관람가",
          "created_at": "2024-11-19"
        }
      },
      {
        "model": "movies.movie",
        "pk": 50,
        "fields": {
          "rank": 40,
          "title": "극장판 짱구는 못말려: 우리들의 공룡일기",
          "audience_acc": 0,
          "director": "사사키 시노부",
          "genre": "코메디,어드벤처,가족",
          "poster_url": "http://file.koreafilm.or.kr/thm/02/99/18/66/tn_DPF030351.jpg",
          "plot": "다이노스 아일랜드에 어서 오세요!멸종된 공룡을 현대에 부활시킨 테마파크 다이노스 아일랜드 오픈!떡잎마을은 물론, 전국이 공룡 열풍에 빠져든다!그 무렵, 흰둥이는 어디선가 작은 공룡 나나를 발견한다.나나는 짱구네 집의 새로운 가족이자 떡잎마을 방범대의 친구가 되어 아주 특별한 방학을 보내게 된다.한편, 자신이 나나의 주인이라는 빌리가 나타나 나나를 데려가겠다 하고 다이노스 아일랜드 창립자 버블 어마무시와 그의 수하들도 수단과 방법을 가리지 않고 나나와 짱구를 쫓는다.설상가상으로 다이노스 아일랜드의 공룡들이 탈출해 떡잎마을은 물론 도시 전역을 쑥대밭으로 만들어버리는데…!나나를 지키기 위한 짱구, 흰둥이, 떡잎마을 방범대의 사투가 시작된다!지킬 거야, 나의 소중한 인연!초거대 공룡들과 맞서는 지구에서 가장 다이노믹한 짱구가 온다!",
          "actors": "박영남, 강희선, 김환진, 코바야시 유미코, 나라하시 미키",
          "open_year": "",
          "nation": "일본",
          "rating": "전체관람가",
          "created_at": "2024-11-19"
        }
      },
      {
        "model": "movies.movie",
        "pk": 51,
        "fields": {
          "rank": 41,
          "title": "여름날의 레몬그라스",
          "audience_acc": 0,
          "director": "뇌맹걸",
          "genre": "드라마,멜로/로맨스",
          "poster_url": "http://file.koreafilm.or.kr/thm/02/99/18/66/tn_DPF030344.jpg",
          "plot": "함께라서 반짝이던 그 시절,내 청춘은 온통 너였어‘샤오샤’와 ‘유즈’, 두 사람은 어릴 적부터 지겹게 붙어다닌 소꿉친구다.서로 죽고 못 살면서도 절대 떨어지지 않는 두 사람을 친구들은 부부라며 놀리기도 하지만, 이성적인 감정은 전혀 없는 사이!그러던 어느날, 전학생 ‘청이’가 등장하고 ‘샤오샤’는 그에게 온통 마음을 빼앗긴다.‘청이’와 점점 가까워져 가는 ‘샤오샤’그리고 싱숭생숭한 ‘유즈’모든 게 서툴던 그 시절, 세 사람의 얽히고설킨 첫사랑이 시작된다!",
          "actors": "이목, 조우녕, 누준석",
          "open_year": "",
          "nation": "대만",
          "rating": "12세이상관람가",
          "created_at": "2024-11-19"
        }
      },
      {
        "model": "movies.movie",
        "pk": 52,
        "fields": {
          "rank": 43,
          "title": "원정빌라",
          "audience_acc": 0,
          "director": "김선국",
          "genre": "가족,스릴러,공포",
          "poster_url": "http://file.koreafilm.or.kr/thm/02/99/18/66/tn_DPK023110.jpg",
          "plot": "신도시 개발공사로 소음과 먼지가 가득한 곳에 위치한 원정빌라. 개발과 미개발이 공존하는 지극히 현실적인 공간 속에 사이비 종교가 파고 들면서 크고 작은 갈등이 일어나기 시작한다. 가장 가까운 가족, 이웃들이 사이비 종교의 미혹에 빠져 서서히 삶이 무너지고 연쇄적으로 일어나는 비극적 사건들이 서늘한 공포감을 선사할 것이다.",
          "actors": "이현우, 문정희, 민아, 성병숙",
          "open_year": "",
          "nation": "대한민국",
          "rating": "15세이상관람가",
          "created_at": "2024-11-19"
        }
      },
      {
        "model": "movies.movie",
        "pk": 53,
        "fields": {
          "rank": 45,
          "title": "소방관",
          "audience_acc": 0,
          "director": "곽경택",
          "genre": "드라마",
          "poster_url": "http://file.koreafilm.or.kr/thm/02/99/18/65/tn_DPK023092.jpg",
          "plot": "살리기 위해, 살아남기 위해 하루하루가 마지막 현장인 소방관 팀은 열악한 환경 속에서도 화재 진압과 전원 구조라는 단 하나의 목표로 의기투합한다.어느 날, 다급하게 119 신고 전화로 홍제동에 화재가 발생했다는 긴급 상황이 접수되자 팀원들은 위기를 직감하는데…누군가의 가족, 친구, 사랑하는 사람우리가 기억해야 할 그 이름 소방관 2001년 가장 빛났던 그들의 이야기를 기억하겠습니다.",
          "actors": "주원, 곽도원, 유재명, 이유영, 김민재",
          "open_year": "",
          "nation": "대한민국",
          "rating": "12세이상관람가",
          "created_at": "2024-11-19"
        }
      },
      {
        "model": "movies.movie",
        "pk": 54,
        "fields": {
          "rank": 46,
          "title": "힘을 낼 시간",
          "audience_acc": 0,
          "director": "남궁선",
          "genre": "드라마",
          "poster_url": "http://file.koreafilm.or.kr/thm/02/99/18/66/tn_DPK023108.jpg",
          "plot": "애매하게 활동하다 은퇴한 아이돌 그룹 출신 친구 셋은 학창 시절 가지 못했던 수학여행에 대한 미련으로 때늦은 제주 여행을 떠난다. 오랫동안 계획해 온 이들의 여행은 도착 첫날부터 틀어지기 시작한다.",
          "actors": "최성은, 현우석, 하서윤, 강채윤, 홍상표",
          "open_year": "",
          "nation": "대한민국",
          "rating": "12세이상관람가",
          "created_at": "2024-11-19"
        }
      },
      {
        "model": "movies.movie",
        "pk": 55,
        "fields": {
          "rank": 47,
          "title": "나 혼자만 레벨업 -리어웨이크닝- ",
          "audience_acc": 0,
          "director": "나카시게 슌스케",
          "genre": "액션,판타지",
          "poster_url": "http://file.koreafilm.or.kr/thm/02/99/18/65/tn_DPF030311.jpg",
          "plot": "다른 차원과 이쪽 세계를 이어주는 통로  게이트 가 갑자기 발생된 지 10여 년, 세계에는  헌터  라고 불리는 초인적인 힘에 각성한 사람들이 출현했다.헌터는 게이트 내에서 던전을 공략하며 그 대가를 받는 것을 생업으로 삼고 있지만, 그런 강자들이 모인 헌터들 중 「성진우」는 인류 최약병기로 불리며 하급 헌터로 생활하고 있었다.어느 날, 저랭크 던전에 숨겨진 고랭크 이중 던전에서 빈사의 증상을 입은 성진우의 눈앞에 수수께끼의 퀘스트창이 나타났다.죽음의 순간, 퀘스트를 수락하기로 결심한 성진우는 자신만 ‘레벨업’할 수 있게 되는데…전직 퀘스트를 클리어하고 그림자 병사를 부릴 수 있는 ‘그림자 군주’가 된 성진우의 앞에 다음 시련으로서 나타난 것은 상급 던전으로 이어지는 레드 게이트였다.",
          "actors": "민승우, 심규혁, 신나리, 유영, 정재헌",
          "open_year": "",
          "nation": "일본",
          "rating": "청소년관람불가",
          "created_at": "2024-11-19"
        }
      },
      {
        "model": "movies.movie",
        "pk": 56,
        "fields": {
          "rank": 48,
          "title": "써니데이",
          "audience_acc": 0,
          "director": "이창무",
          "genre": "드라마",
          "poster_url": "",
          "plot": "이혼 소송을 내고 언론을 피해 고향 완도를 찾은 연예인 오선희가 우연히 어린 시절 함께 지냈던 친구들을 만나게 되며 벌어지는 이야기를 다룬 극영화",
          "actors": "최다니엘, 정혜인",
          "open_year": "2024",
          "nation": "대한민국",
          "rating": "12세이상관람가",
          "created_at": "2024-11-19"
        }
      },
      {
        "model": "movies.movie",
        "pk": 57,
        "fields": {
          "rank": 50,
          "title": "섬·망(望)",
          "audience_acc": 0,
          "director": "박순리",
          "genre": "판타지",
          "poster_url": "",
          "plot": "사람들이 하나둘 멈추어 가는 세상에서, 은애는 강아지 몽이와 떠돌아다니고 있다. 멈춘 거리를 돌아다니던 그녀는 어릴 적 기억과 마주하고, 한 폐허에서 멈추지 않은 채 은애를 기다리는 한 남자를 만나게 된다.",
          "actors": "이은, 최원정, 몽돌, 홍강우, 박세기",
          "open_year": "",
          "nation": "대한민국",
          "rating": "15세이상관람가",
          "created_at": "2024-11-19"
        }  
    }
]