[
    {
        "model": "movies.director",
        "pk": 1,
        "fields": {
            "name": "리들리 스콧",
            "created_at": "2024-11-19"
        }
    },
    {
        "model": "movies.director",
        "pk": 2,
        "fields": {
            "name": "조선호",
            "created_at": "2024-11-19"
        }
    },
    {
        "model": "movies.director",
        "pk": 3,
        "fields": {
            "name": "현문섭",
            "created_at": "2024-11-19"
        }
    },
    {
        "model": "movies.director",
        "pk": 4,
        "fields": {
            "name": "켈리 마르셀",
            "created_at": "2024-11-19"
        }
    },
    {
        "model": "movies.director",
        "pk": 5,
        "fields": {
            "name": "박범수",
            "created_at": "2024-11-19"
        }
    },
    {
        "model": "movies.director",
        "pk": 6,
        "fields": {
            "name": "김창주",
            "created_at": "2024-11-19"
        }
    },
    {
        "model": "movies.director",
        "pk": 7,
        "fields": {
            "name": "허진호",
            "created_at": "2024-11-19"
        }
    },
    {
        "model": "movies.director",
        "pk": 8,
        "fields": {
            "name": "오시야마 키요타카",
            "created_at": "2024-11-19"
        }
    },
    {
        "model": "movies.director",
        "pk": 9,
        "fields": {
            "name": "크리스 샌더스",
            "created_at": "2024-11-19"
        }
    },
    {
        "model": "movies.director",
        "pk": 10,
        "fields": {
            "name": "조시 쿨리",
            "created_at": "2024-11-19"
        }
    },
    {
        "model": "movies.director",
        "pk": 11,
        "fields": {
            "name": "드니 빌뇌브",
            "created_at": "2024-11-19"
        }
    },
    {
        "model": "movies.director",
        "pk": 12,
        "fields": {
            "name": "권봉근",
            "created_at": "2024-11-19"
        }
    },
    {
        "model": "movies.director",
        "pk": 13,
        "fields": {
            "name": "오즈 퍼킨스",
            "created_at": "2024-11-19"
        }
    },
    {
        "model": "movies.director",
        "pk": 14,
        "fields": {
            "name": "김민수",
            "created_at": "2024-11-19"
        }
    },
    {
        "model": "movies.director",
        "pk": 15,
        "fields": {
            "name": "존 카니",
            "created_at": "2024-11-19"
        }
    },
    {
        "model": "movies.director",
        "pk": 16,
        "fields": {
            "name": "사이토 케이이치로",
            "created_at": "2024-11-19"
        }
    },
    {
        "model": "movies.director",
        "pk": 17,
        "fields": {
            "name": "심형준",
            "created_at": "2024-11-19"
        }
    },
    {
        "model": "movies.director",
        "pk": 18,
        "fields": {
            "name": "토마스 고",
            "created_at": "2024-11-19"
        }
    },
    {
        "model": "movies.director",
        "pk": 19,
        "fields": {
            "name": "이언희",
            "created_at": "2024-11-19"
        }
    },
    {
        "model": "movies.director",
        "pk": 20,
        "fields": {
            "name": "신카이 마코토",
            "created_at": "2024-11-19"
        }
    },
    {
        "model": "movies.director",
        "pk": 21,
        "fields": {
            "name": "박종균",
            "created_at": "2024-11-19"
        }
    },
    {
        "model": "movies.director",
        "pk": 22,
        "fields": {
            "name": "파커 핀",
            "created_at": "2024-11-19"
        }
    },
    {
        "model": "movies.director",
        "pk": 23,
        "fields": {
            "name": "토드 필립",
            "created_at": "2024-11-19"
        }
    },
    {
        "model": "movies.director",
        "pk": 24,
        "fields": {
            "name": "코다마 켄지",
            "created_at": "2024-11-19"
        }
    },
    {
        "model": "movies.director",
        "pk": 25,
        "fields": {
            "name": "페데 알바레즈",
            "created_at": "2024-11-19"
        }
    },
    {
        "model": "movies.director",
        "pk": 26,
        "fields": {
            "name": "김한결",
            "created_at": "2024-11-19"
        }
    },
    {
        "model": "movies.director",
        "pk": 27,
        "fields": {
            "name": "션 베이커",
            "created_at": "2024-11-19"
        }
    },
    {
        "model": "movies.director",
        "pk": 28,
        "fields": {
            "name": "닉 카사베츠",
            "created_at": "2024-11-19"
        }
    },
    {
        "model": "movies.director",
        "pk": 29,
        "fields": {
            "name": "제이 송",
            "created_at": "2024-11-19"
        }
    },
    {
        "model": "movies.director",
        "pk": 30,
        "fields": {
            "name": "이윤석",
            "created_at": "2024-11-19"
        }
    },
    {
        "model": "movies.director",
        "pk": 31,
        "fields": {
            "name": "김수훈",
            "created_at": "2024-11-19"
        }
    },
    {
        "model": "movies.director",
        "pk": 32,
        "fields": {
            "name": "세토 켄지",
            "created_at": "2024-11-19"
        }
    },
    {
        "model": "movies.director",
        "pk": 33,
        "fields": {
            "name": "박준수",
            "created_at": "2024-11-19"
        }
    },
    {
        "model": "movies.director",
        "pk": 34,
        "fields": {
            "name": "팀 하퍼",
            "created_at": "2024-11-19"
        }
    },
    {
        "model": "movies.director",
        "pk": 35,
        "fields": {
            "name": "증국상",
            "created_at": "2024-11-19"
        }
    },
    {
        "model": "movies.director",
        "pk": 36,
        "fields": {
            "name": "제이크 카즈댄",
            "created_at": "2024-11-19"
        }
    },
    {
        "model": "movies.director",
        "pk": 37,
        "fields": {
            "name": "류승완",
            "created_at": "2024-11-19"
        }
    },
    {
        "model": "movies.director",
        "pk": 38,
        "fields": {
            "name": "정현철",
            "created_at": "2024-11-19"
        }
    },
    {
        "model": "movies.director",
        "pk": 39,
        "fields": {
            "name": "조우영",
            "created_at": "2024-11-19"
        }
    },
    {
        "model": "movies.director",
        "pk": 40,
        "fields": {
            "name": "야마다 나오코",
            "created_at": "2024-11-19"
        }
    },
    {
        "model": "movies.director",
        "pk": 41,
        "fields": {
            "name": "정지환",
            "created_at": "2024-11-19"
        }
    },
    {
        "model": "movies.director",
        "pk": 42,
        "fields": {
            "name": "가이 리치",
            "created_at": "2024-11-19"
        }
    },
    {
        "model": "movies.director",
        "pk": 43,
        "fields": {
            "name": "진재운",
            "created_at": "2024-11-19"
        }
    },
    {
        "model": "movies.director",
        "pk": 44,
        "fields": {
            "name": "조쉬 사프디",
            "created_at": "2024-11-19"
        }
    },
    {
        "model": "movies.director",
        "pk": 45,
        "fields": {
            "name": "데이비드 G. 데릭 주니어",
            "created_at": "2024-11-19"
        }
    },
    {
        "model": "movies.director",
        "pk": 46,
        "fields": {
            "name": "김민하",
            "created_at": "2024-11-19"
        }
    },
    {
        "model": "movies.director",
        "pk": 47,
        "fields": {
            "name": "이형민",
            "created_at": "2024-11-19"
        }
    },
    {
        "model": "movies.director",
        "pk": 48,
        "fields": {
            "name": "팀 미엘란츠",
            "created_at": "2024-11-19"
        }
    },
    {
        "model": "movies.director",
        "pk": 49,
        "fields": {
            "name": "오카무라 텐사이",
            "created_at": "2024-11-19"
        }
    },
    {
        "model": "movies.director",
        "pk": 50,
        "fields": {
            "name": "캐리 주스넌",
            "created_at": "2024-11-19"
        }
    },
    {
        "model": "movies.director",
        "pk": 51,
        "fields": {
            "name": "요르겐 러담",
            "created_at": "2024-11-19"
        }
    },
    {
        "model": "movies.director",
        "pk": 52,
        "fields": {
            "name": "루퍼트 샌더스",
            "created_at": "2024-11-19"
        }
    },
    {
        "model": "movies.director",
        "pk": 53,
        "fields": {
            "name": "사사키 시노부",
            "created_at": "2024-11-19"
        }
    },
    {
        "model": "movies.director",
        "pk": 54,
        "fields": {
            "name": "뇌맹걸",
            "created_at": "2024-11-19"
        }
    },
    {
        "model": "movies.director",
        "pk": 55,
        "fields": {
            "name": "김선국",
            "created_at": "2024-11-19"
        }
    },
    {
        "model": "movies.director",
        "pk": 56,
        "fields": {
            "name": "곽경택",
            "created_at": "2024-11-19"
        }
    },
    {
        "model": "movies.director",
        "pk": 57,
        "fields": {
            "name": "남궁선",
            "created_at": "2024-11-19"
        }
    },
    {
        "model": "movies.director",
        "pk": 58,
        "fields": {
            "name": "나카시게 슌스케",
            "created_at": "2024-11-19"
        }
    },
    {
        "model": "movies.director",
        "pk": 59,
        "fields": {
            "name": "이창무",
            "created_at": "2024-11-19"
        }
    },
    {
        "model": "movies.director",
        "pk": 60,
        "fields": {
            "name": "박순리",
            "created_at": "2024-11-19"
        }
    }
]
